{
  "fClassTypeID": 200000001,
  "fBillNo": "2018012007016",
  "fDate": "2018-01-20 00:00:00.0",
  "fTime": "2018 - 01 - 20 08: 08: 26.0",
  "fBase": 4728,
  "fBase1": 405,
  "fQty": 802.0000000000,
  "fBase2": 407,
  "fQty1": 1.0000000000,
  "fBase3": 482,
  "fBase4": 495,
  "fBiller": 16411,
  "fBase5": 1001,
  "fBase6": 0,
  "fBase7": 0,
  "fBase8": 0,
  "fBase9": 0,
  "fQty2": 800.3960000000,
  "fBatchNo'": "2018012007016",
  "fBillNo'": "2018012007016",
  "fClassID": "200000001",
  "fQty3": 802.0000000000,
  "fInteger1": 1,
  ", fDecimal5": 0.0000000000
}